id,title,adult,poster_path,actors,overview,popularity,release_date,vote_average,vote_count
25475,팅커벨 2: 팅커벨과 잃어버린 보물,False,/6tNldk2zPUzXVKkU9aeirM9Wotu.jpg,"[[52404, 'Mae Whitman', '/zuBG3jBfjfIoeY6gQeVMqrqPWGO.jpg'], [49915, 'Jesse McCartney', '/95f7jVXUwkHUUfj3AjvTJYx3pei.jpg'], [34902, 'Jane Horrocks', '/phYKQdBZgRwMT8w6ZEhvGc8zgvB.jpg'], [140, 'Lucy Liu', '/9nbtjqsx3De7hO2XDtrBQ7M9VCH.jpg'], [66896, 'Raven-Symoné', '/iyz6AbVgumSMsgZeSfsWpr4vewB.jpg'], [52775, 'Kristin Chenoweth', '/q3ENDu5n23FARhyij4FVRaTkSg4.jpg'], [93842, 'Angela Bartys', '/cv2V55LZgC280up7XxZ2eshs7TU.jpg'], [5657, 'Anjelica Huston', '/6hnYeHa7Rc1w1MmQ3JsLSIb7yCX.jpg'], [21063, 'Pamela Adlon', '/e541ePtwZuHYP3zT0ANmpqUDFlw.jpg'], [43125, 'Rob Paulsen', '/7buvKWIjPlspqruaO3b28V5owJr.jpg'], [34982, 'Jeff Bennett', '/p78svoOr99IA2oBOUzAH9cnPOwf.jpg'], [15761, 'Grey DeLisle', '/anib3yRL9GyUvTkYNHWxQPlXLUH.jpg'], [31531, 'John DiMaggio', '/awmyFwU6ErFJbGFFzhBYZ9AQn8m.jpg'], [93844, 'Eliza Pollack Zebert', None], [78317, 'Bob Bergen', '/soDD1xiV3zVQWOJzVdJwfgIqzfe.jpg'], [75038, 'Roger Craig Smith', '/oWrBIEULh80xAQ210njikYk70C4.jpg'], [93843, 'Thom Adcox-Hernandez', None]]","팅커벨과 요정들이 살고 있는 픽시 할로우 마을에 가을이 찾아온다. 가을 추수 때가 되면 그 계절의 신비로움은 절정에 달하는데, 올해 픽시 할로우에는 신비로운 푸른 보름달이 뜰 예정이다. 픽시 할로우 마을의 최고 재주꾼이 된 팅커벨에게 클래리언 여왕은 가을 축제에 푸른 보름달을 맞이할 새로운 가을 홀을 만들 것을 주문한다. 홀이란 바로 월장석을 얹어 놓을 수 있는 성스러운 지지대.",60.921,2009-09-03,6.8,821
290859,터미네이터: 다크 페이트,False,/nIoDNiWWOtCFdJRi89aFI98cdj0.jpg,"[[1110405, 'Mackenzie Davis', '/ekQbEIKh26jbz17P0wwLbo6uNs9.jpg'], [1596934, 'Natalia Reyes', '/9N7FNKUhjtinrNPy8ANvXrB7iEr.jpg'], [2713, 'Linda Hamilton', '/7FNn9Z5xkRS9EFbGL2tpmpph9xV.jpg'], [1100, 'Arnold Schwarzenegger', '/zEMhugsgXIpnQqO31GpAJYMUZZ1.jpg'], [111016, 'Gabriel Luna', '/mYVDObiZuw7DmsBHsLfZIAn37Tw.jpg'], [935201, 'Diego Boneta', '/hgEcC28oljaPBYi7ONMToQYMHMA.jpg'], [2573906, 'Ferran Fernández', None], [16441, 'Tristán Ulloa', '/sglKcvdU3e8hTy1kOghEbT0GdHS.jpg'], [2027068, 'Stephanie Gil', '/avOGwIv0hKVWhQ9cRkiBmmRDsCp.jpg'], [1092386, 'Tomás Álvarez', None], [1017294, 'Tom Hopper', '/qS8F31xn6ZoNBTOvcXZfWewgma2.jpg'], [25132, 'Alicia Borrachero', '/44E8TT0f10IQ9HwQfKYrA79857N.jpg'], [944099, 'Enrique Arce', '/1lACQepfukuZ0l6FnUpMO03WxcJ.jpg'], [2573915, 'Manuel Pacific', '/jkVERjEbXPleUMvLTRc25NGTLnC.jpg'], [30087, 'Fraser James', '/mGAPQG2OKTgdKFkp9YpvCSqcbgY.jpg'], [2428502, 'Pedro Rudolphi', '/19UcBPVKzbm7qMcAKPLP0Au02VR.jpg'], [1409828, 'Diego Martínez', '/jRvZGqdZSFY5kseE0EZelq9yBSd.jpg'], [2090994, 'Kevin Medina', None], [1102427, 'Steven Cree', '/oH9uSQMJPdFHeVggqvMwheW7nZl.jpg'], [25445, 'Matt Devere', '/5rgHPFJ028clroKVryimQWfQxUY.jpg'], [1509614, 'Karen Gagnon', '/Qq7SWS0H2A8g4E67o2XihuYpUF.jpg'], [6060, 'Neil Corbould', '/tyrIWpWILlaDroOuzRNI18G9PXn.jpg'], [1278554, 'Lorna Brown', '/Ah7ihv7APlYL2zMtOevMp4RiHZ.jpg'], [2258, 'Stuart McQuarrie', '/hdPU6SArZagRTCpw9wTYIePLF2S.jpg'], [2573934, 'José Cerós', None], [1744865, 'Shadday López', None], [1446100, 'Pedro Hernández', None], [2573936, 'Mariah Nonnemacher', None], [1676636, 'Peter Schueller', '/xeQte9pYSmWn4xaXfEEXd4WVo5p.jpg'], [2573938, 'Jacques A. Nevils', None], [2484837, 'Daniel Ibáñez', '/d2j4qq0TUasP8if26wIXQOP4kjS.jpg'], [1744390, 'Mona Martínez', '/v3mMZJtJGUQJEA2LYFogpZ8fIjw.jpg'], [2573939, 'Francis McBurney', None], [2573940, 'Mikey Bharj', None], [1321622, 'Samantha Coughlan', '/oTcw7AFY52UYyIjPLp9ZjySwivy.jpg'], [1439492, 'James Barriscale', '/f6vNqW2kqonNJ4bdPb31xIXG2kK.jpg'], [1750651, 'Alejandra Mayo', None], [2573944, 'Angelica Andreu', None], [1647101, 'Iria Calero', None], [2573945, 'Dan Stroiman', None], [1535344, 'Tábata Cerezo', '/lQaLeSkFMrFL2EGjEFsss9C4ALr.jpg'], [1700678, 'Nicholas Wittman', '/vx5qk9u45rsJdwqeuLvavfq2cat.jpg'], [1261477, 'Daniel Ortiz', '/iK16sFA1LV3k13EhCm11R2J0vOC.jpg'], [2573949, 'Mark Hesketh', '/bKWmvlaBXHLp3uayucPFq4ETpNs.jpg'], [1633867, 'Peter Ormond', '/5MquVrCrwkTOdRjnUauN427PUWW.jpg'], [2573950, 'Joaquín Molla', '/pnnHONF7nkxtmbL3A8ZjArBNm1H.jpg'], [2573952, 'Alberto Da La Sinda', None], [1180134, 'Mario de la Rosa', '/2EafPw8ar2K8eWfIsx8d5HByBgE.jpg'], [1462234, 'Zoltán Téglás', '/soObQrZwmw7UubvgkMvsJ74ckZN.jpg'], [1648551, 'Blair Jackson', '/eKsv9uTzIdAGRx0SIgBdzLROgbb.jpg'], [1583973, 'Phillip Garcia', '/hXOnEMXGpW2H8j6kf9q1gf6bXzS.jpg'], [1630258, 'Tarnue Massaquoi', '/7KsgcQscNQw3ZbOdlMNQcM1DFZK.jpg'], [2573962, 'Cleveland Berto', '/avhpOvkXDn0VSE6cXHneGKGXNrS.jpg'], [1152023, 'Christine Horn', '/pjLRUglYTx9yVQ9gHSWbN8ET7to.jpg'], [1163622, 'Pete Ploszek', '/9ZFxQLUQzfMNEHVqYjwK346vaCK.jpg'], [207367, 'Mark Weiler', '/8dybkSKoupy4y54KyBh5zrIN2Zg.jpg'], [1512909, 'Kacy Owens', '/2iut03OVnXRZ8gFB71Jcf05ypWx.jpg'], [1451123, 'Stephen Oyoung', '/oMdNxSd8cSZaYhpaDkaYQ40Z5o0.jpg'], [1674163, 'Anisha Gibbs', '/i7CssbSZarlvepS1xV7LkwXFszp.jpg'], [2510620, 'Anthony Oh', None], [2008229, 'Josh Wood', '/iUkZf4hlUyQ7GlCO9n0qexC9AD1.jpg'], [2573981, 'Aaron Kunitz', '/xlQTDQuJug9XKE4dA6R1QgdAZjk.jpg'], [820, 'Edward Furlong', '/e221dMIBgb6Lk092GIkHB9ohQF1.jpg'], [1889718, 'Geneviève Doang', '/tzyWEc16MnFmDKmcEHLy4HHDMBk.jpg'], [1333902, 'Georgia Simon', None], [2192069, 'Rochelle Neil', '/2yh4LuC6MvKI6LAePsBy8QwSRSM.jpg'], [1358087, 'Brett Azar', '/unGYT2dTlGVdVJx5twmN06DKLNT.jpg'], [3366339, 'Jude Collie', '/oCYXo3hguLCu5DgQYnX2eB4oDCG.jpg']]","심판의 날 그 후, 뒤바뀐 미래. 새로운 인류의 희망 대니를 지키기 위해 슈퍼 솔져 그레이스가 미래에서 찾아오고, 대니를 제거하기 위한 터미네이터 Rev-9의 추격이 시작된다. 최첨단 기술력으로 무장한 최강의 적 Rev-9의 무차별적인 공격에 쫓기기 시작하던 그레이스와 대니 앞에 터미네이터 헌터 사라 코너가 나타나 도움을 준다. 인류의 수호자이자 기계로 강화된 슈퍼 솔져 그레이스와 사라 코너는 대니를 지키기 위해 새로운 조력자를 찾아 나서고, Rev-9은 그들의 뒤를 끈질기게 추격하는데...",68.834,2019-10-23,6.5,4230
345887,더 이퀄라이저 2,False,/740Vk5zjq6caDFNtWGoUyGLxJZ5.jpg,"[[5292, 'Denzel Washington', '/cEU2Vrdo83izpGmOvbVAOz5jCof.jpg'], [1253360, 'Pedro Pascal', '/dBOrm29cr7NUrjiDQMTtrTyDpfy.jpg'], [1152019, 'Ashton Sanders', '/p113ohjLG0bjukQK7QnNIGe8Gn3.jpg'], [8984, 'Bill Pullman', '/nozp5ZCm4ikFb8Ih2J5ncpJFOfx.jpg'], [6832, 'Melissa Leo', '/tKNTvhmuO7FZMYYgRrZB6k8FT5K.jpg'], [152831, 'Jonathan Scarfe', '/uCgPUGJkwVkDQ9LkGtNUUdKeKsX.jpg'], [863, 'Orson Bean', '/2iz769YdycczgnGPZyXNsaN3TGR.jpg'], [34200, 'Sakina Jaffrey', '/9U6vixMcwkj8aEffy64UqsklHd.jpg'], [1110069, 'Kazy Tauginas', '/xjyyAgBORgnsBzC4yq4v0hGCdlz.jpg'], [2090144, 'Garrett Golden', None], [1205136, 'Adam Karst', '/uebUDkbx285Iv9NSWz1psydnVmh.jpg'], [2090145, 'Alican Barlas', '/kXQsa8COHrl3I0ZVOvYIDClsGlR.jpg'], [2090146, 'Rhys Olivia Cote', '/t2PFbR0NtFoe8Ct4MNnTn2v2YzA.jpg'], [1456292, 'Tamara Hickey', '/mXhzKgjdPiF0iNPXkvgwlEeX1WA.jpg'], [2090147, 'Ken Baltin', None], [1156040, 'Colin Allen', '/1lMG3BKMXzuI5eKe6HaHXfwBQaZ.jpg'], [2090148, 'Antoine de Lartigue', '/hSG5vgAXZLQEC1EG2t2XkO6uOFa.jpg'], [179012, 'Abigail Marlowe', '/2hsCcJ7UFJ1Rw66mv8KQMlvsYy2.jpg'], [2090149, 'Jim Loutzenhiser', None], [2090150, 'Alessandra Noelle Rosenfeld', '/ddDYZvUpjYmJOuOUUjyIlQz7YyC.jpg'], [2090151, 'Lillie Dickens', None], [2090152, 'Rex Baning', '/5p8IDt03Uv8dQX1cvtb7O0M89zy.jpg'], [1566993, 'Lance A. Williams', '/9ITZKZYmSdk9i7c2rnvGjnvfE96.jpg'], [1920000, 'Caroline Day', '/1B5WmVbWWWZTsT6elWfUnbaL0q3.jpg'], [2090153, 'Rory Benjamin Smith', None], [209799, 'Ted Arcidi', '/nc6bTXrH2oMZona66fT9Qy5mszM.jpg'], [2090154, 'Rutherford Cius', '/pf3pZqShbUggd2JTtnRv0e8dMEK.jpg'], [2090155, 'Wesley Pereira', None], [2090156, 'David Carrasquillo', None], [2090157, 'Nathaniel Chaney', None], [1711690, 'Jermaine Holt', None], [1765622, 'Drew Cooper', None], [89239, 'Jay Hieron', '/55HETMPecs728wtEZ4UbWB9UZIg.jpg'], [1745909, 'Naheem Garcia', '/l8YjAz3lTT0Pz01Z3XuUdNup3FQ.jpg'], [2090158, 'Gloria Papert', None], [2090159, 'Phil Tavares', '/xZ8B39ADzbR9DT0smbdBBRYwIgY.jpg'], [2090160, 'Tim Doherty', '/nwrmofK8y5sdPOewcJzMjwxwXCM.jpg'], [1891937, 'Cj Stuart', '/yh96j1t0ODt8CkdVJgNw0uhO3aD.jpg'], [105271, 'Donald Cerrone', '/yHRgWTQuKr5tAMeR3qTtsOQU0Jb.jpg'], [2090161, 'Gabrielle Lorthe', '/lig0iu7pEunSzMTUnlPUQvIi1Pe.jpg'], [2090162, 'Karen Strong', '/g0hfy2MNJ5pm4HUgsksAPTUD3rX.jpg'], [2090163, 'Marley Dauphin', '/o8p2swjyjI1o7ubA05leCai1L2C.jpg'], [2090164, 'Elena Capaldi', '/7Edbwx6lEhnsIKZH44B53SB7FAv.jpg'], [2090165, 'Penélope de la Rosa', None], [2090166, 'Miguel Nascimento', '/on4qZjkZcnVSlShgDvn28Fi5t8W.jpg'], [1467998, 'Maximillian McNamara', '/sCadd0kPmkQcSQ9XErOCzlLMJmL.jpg'], [2090167, 'Gerry Pucci', '/bEVqkdjM97HmMXo2OgZzFPoJBt9.jpg'], [1579763, 'Phyllis Kay', '/sW7SYTQRK4LEwyHMtmaqLD0YURm.jpg'], [2090168, 'Johnny L. Hernandez', '/xTWu6F9RtVKVudB1OP5TW4NluAf.jpg'], [78552, 'Andrei Arlovski', '/frbsUWa7jJu54KMsR3ZouIKHFuG.jpg'], [1508817, 'Liam McNeill', None], [1674440, 'Arthur Hiou', '/i8sMGXQbfAnu9jG2cR3v7xHQbhN.jpg'], [1244097, 'Lance Norris', None]]",전직 특수 요원 로버트 맥콜(덴젤 워싱턴)이 정의를 구현하기 위해 악행을 일삼는 범죄 집단을 소탕하는 덴젤 워싱턴의 숨막히는 범죄 액션 스릴러.,73.712,2018-07-19,6.7,4170
340382,진격의 거인 파트2,False,/anP49i1s7MT1LihcqqyvbjxZwVF.jpg,"[[133168, 'Haruma Miura', '/xqSju4IZgsak0eTbdnsyJamw3I4.jpg'], [226711, 'Kiko Mizuhara', '/cNR7BlOa17LQrmKGUSj0h4P2Uay.jpg'], [114725, 'Kanata Hongo', '/5BUmrqD3nbER1XV3ASSwFZitwwv.jpg'], [1098600, 'Hiroki Hasegawa', '/aWfpj9ndyDq2xsSrABRRscAkcaa.jpg'], [118579, 'Nanami Sakuraba', '/urkh0E7oJCyaAWOTdmfonRbSeqe.jpg'], [224664, 'Satomi Ishihara', '/etEMOTMyotBMWN57OV9wBGy5rd2.jpg'], [2541, 'Jun Kunimura', '/zC0GbuXQGPur7i8AkdPUWedmDKz.jpg'], [120913, 'Rina Takeda', '/fFATB3JHPs3ecfmliorW6q7uYtJ.jpg'], [1096815, 'Takahiro Miura', '/kOftuLkByvJx4t4waTccPf3PpNM.jpg'], [1015824, 'Ayame Misaki', '/7ViHWgrPifqwjMTGrzS7XI32VZs.jpg'], [120434, 'Pierre Taki', '/nIgFcU0smYH7FdzUt96d685uU1h.jpg'], [936281, 'Shu Watanabe', None], [1502395, 'Satoru Matsuo', '/8PaX65udpDordFfvjSNWcsRJflm.jpg']]","거인들의 무차별 살상, 희망이 사라진 세계!  세계의 멸망을 부르는 것은 거인인가? 인간인가!  정체를 알 수 없는 거인의 숨겨진 비밀이 드러나고,  인류멸망에 맞선 최후의 사투가 시작된다!",66.654,2015-09-01,6,251
775996,아웃사이드 더 와이어,False,/gGkFDz4waJJqdrnGhnaUVZZHPHR.jpg,"[[53650, 'Anthony Mackie', '/kfTwOYr3iUucmYz8kPjhYy07G2Z.jpg'], [1837297, 'Damson Idris', '/tM2rsBXd7fnNwjMNgGz4vqctlYF.jpg'], [91494, 'Enzo Cilenti', '/lGFHPUsOlAnncpZLfdFXCGq2nji.jpg'], [130414, 'Emily Beecham', '/knR5avTlO4Xnxw7Nc3xxUj3rtjh.jpg'], [125719, 'Henry Garrett', '/uVmFDIaaBNvMYC0iBCr3dFoMdfK.jpg'], [2267919, 'Kristina Tonteri-Young', '/wr9Q5IiRpKl10IuJhDmC7QXDuqz.jpg'], [90060, 'Pilou Asbæk', '/dslpTvB0HkPq1EYtzO0XiTiU7HL.jpg'], [50217, 'Michael Kelly', '/riyeGgTnSWGZGJ9k9qK38lfclz1.jpg'], [2067955, 'Brady Dowad', '/7eocfewGQibbFMIbwJU53wY9uii.jpg'], [1471612, 'Alexandra Szucs', '/hXS3pAklOnPVm6cwnoYEerpZi0D.jpg'], [2938556, 'Gábor Krausz', None], [2931841, 'Louis Boyer', '/guWHJxPHS2warOt47R73SE2VEIN.jpg'], [34515, 'Velibor Topic', '/A1bzG46kIEpNlZBLqv5jum5s7xj.jpg'], [1700678, 'Nicholas Wittman', '/vx5qk9u45rsJdwqeuLvavfq2cat.jpg'], [1874493, 'Zsolt Szentiványi', '/iWpA4qrAudoyah2MV1yyd2KqbIo.jpg'], [2938555, 'Péter Darai', None], [1350263, 'Dimiter Doichinov', '/kN2vgcZN7bhkXUX6aHD1pX0Rscf.jpg'], [2938554, 'Reda Elazouar', '/6xBo0eSlpC3C8gmVQySFr9wR5rd.jpg'], [2478458, 'Elliot Edusah', '/cqtqwlmmg13D342GmZLpgab2BcY.jpg'], [2938553, 'Tyler Kinghorn', None], [2892343, 'Robert Jackson', '/jGAL898QmnnXXkjeYhSE0WIFW4T.jpg'], [2931840, 'Christine Grace Szarkó', '/AsIZZPEVKGkPvQW7caLCEgVu8vV.jpg'], [2503065, 'Owen Good', '/sUqDeS9b5pKn4aAo0UCeBRwMYiT.jpg'], [2501938, 'Bálint Magyar', None], [1844843, 'Adam Fielding', '/j0QmUeuvi3oOLHofKXU0nXCUpk9.jpg'], [1509614, 'Karen Gagnon', '/Qq7SWS0H2A8g4E67o2XihuYpUF.jpg'], [2515096, 'Igor Szász', None], [2938552, 'André Kárpátszki', None], [1253195, 'Bobby Lockwood', '/umELfjA9r3N6YXwREFvUcXHQJt2.jpg'], [1790685, 'Csémy Balázs', '/tVpIWcRCR4FbmkX3EyR0wiSx7i4.jpg'], [2938544, 'Flóra Garai', None], [2938543, 'Tatiana González Sviridko', None], [1867244, 'Zina Esepciuc', '/1zAIIgOgxAxxLTEbxd0y3OIittu.jpg'], [2938542, 'Zámbó István', None], [2143801, 'Attila Kárpáti', None], [2534399, 'Thanh-Huy Phan', None], [2534393, 'Ferenc Iván Szabó', '/9DHdIp0BSb2acAcWUewhzdweHQK.jpg'], [2300805, 'Balázs Veres', None]]",가까운 미래 치열한 접전 지역. 드론 조종사가 원치 않게 이곳에 파견된다. 그의 지휘관은 기밀 속 존재인 사이보그. 둘은 함께 핵 공격을 막는 위험한 임무에 뛰어든다.,60.419,2021-01-15,6.4,1519
897424,다크 클라우드,False,/q1ngkvPCnOYKeyNZjg8QqvaSnuZ.jpg,"[[3307171, 'Alexys Gabrielle', '/r6seSeGNSy5BRW13tXHO3Jz7Ziu.jpg'], [1197058, 'Emily Atack', '/v6XywMaaTUsER318phFWWENJbjD.jpg'], [223920, 'Brittany Benjamin', '/wUdI0Y4ze7SW88JBIoNWkgxcFhy.jpg'], [2098486, 'Amanda Day', '/lt8jZKmfAY24sMnqnPfSeaXkfM4.jpg'], [1504076, 'Susan Chambers', '/f4fXc3aNcDjdTPdNuwZRqJCFsqn.jpg'], [87095, 'Hugo Armstrong', '/iEvscOR5Js8pXlNbCRGpD2lyXDC.jpg'], [2701435, 'Ali Daniels', None], [3307172, 'Amanda Day', None], [1039377, 'Jennifer Prettyman', None], [2424214, 'Floyd Hodges', '/34DFqP4RvVsgriVQKM1ZUOMlIVz.jpg'], [1905124, 'Justen Jones', None], [3307174, 'Anna Stranz', None], [1849472, 'Toussaint Morrison', '/hSNyH2WQvQffC1tDBChB2l217YX.jpg'], [3152898, 'Jocelyn Sanchez', None], [1979311, 'Pierse Stevens', '/xy3bNGlEVBhpW3vUIm5njCfPavR.jpg'], [3493475, 'Eve Black', None], [3654799, 'Michael J. Stalmer', None], [3152330, 'Stephen Hage', None], [1342054, 'Joel Thingvall', None], [1541606, 'Ryan J. Gilmer', None], [2075704, 'Lee Fillingsness', None], [2147467, 'Ava Justin', '/x7LqvfhcPzO88bVbl2ofdtRyHAs.jpg']]","끔찍한 사고의 여파로 재활을 위해 자발적으로 인공 지능의 대상이 되는 한 여성에 초점을 맞추며, 기계에 의존하는 세계에서 그녀는 모든 기술 발전이 인류의 최선의 관심을 염두에 두고 있는 것은 아니라는 걸 알게 된다.",69.381,2022-05-09,6.6,63
3170,밤비,False,/pWNWhbzljPJObUhXSvPbCc6RVro.jpg,"[[30161, 'Donnie Dunagan', '/sNX0mWMI9oFPErqxux0O6kiAOaU.jpg'], [31704, 'Peter Behn', '/y5jHtmdYNmw7zpfyZj94z2ZVg1s.jpg'], [31703, 'Stan Alexander', None], [11503, 'Cammie King', '/HHs0D30Rn7181EyOu7f0fyBo38.jpg'], [34279, 'Will Wright', '/pDnPco7MAXCC9PiVmuDhfcgDpKG.jpg'], [31702, 'Hardie Albright', '/qGL5I64xIbXW77eW2lGhatmS78q.jpg'], [107445, 'Ann Gillis', '/vFaBH7EuS8hEOO4R76V5Tm2aRG9.jpg'], [31707, 'Tim Davis', None], [31705, 'Sam Edwards', '/743x0QFbc8TkmbpDbxUTZ5izSgv.jpg'], [34759, 'Sterling Holloway', '/qZt4J4yj645Ted9C38DzwQiQZYc.jpg'], [5465, 'Otis Harlan', '/52f8iXnnQW8iCsO5HzEBtUGHz5X.jpg'], [31706, 'Thelma Boardman', None], [78077, 'Clarence Nash', '/x2g2hbu4RRIcn6Q5RT8gpWR1FKV.jpg'], [5463, 'Marion Darlington', None]]","평화로운 봄의 숲속. 모든 동물들은 숲속의 왕자가 될 밤비의 탄생을 축하하러 몰려온다. 모든 이들의 축복속에 밤비는 걸음마부터 점프까지 모든 것들을 배운다. 아기토끼 덤퍼와 스컹크 플라워를 사귀고 엄마 사슴과 함께 간 초원에서 암컷 아기사슴 펠린을 만나며 숲 속 생활에 적응해 간다. 그러던 여름의 어느 날, 사슴들이 일제히 달려가는 것과 뿔달린 수사슴들이 싸우는 것을 보고 덩달아 따라간 그곳에서 엄마와 함께 숲속의 왕자로 존경받는 수사슴의 위엄을 감상한다. 아름다운 뿔이 달린 커다란 수사슴은 밤비를 의미심장하게 보며 지나간다. 그러던 와중 수사슴은 사냥꾼들이 온 것을 알게 되고 사슴들을 대피시키는데...",73.376,1942-02-11,7,4886
297762,원더 우먼,False,/oZGYR75RaSLQ8XdJIVerYnOdhFx.jpg,"[[90633, 'Gal Gadot', '/plLfB60M5cJrnog8KvAKhI4UJuk.jpg'], [62064, 'Chris Pine', '/ipG3BMO8Ckv9xVeEY27lzq975Qm.jpg'], [935, 'Connie Nielsen', '/lvQypTfeH2Gn2PTbzq6XkT2PLmn.jpg'], [32, 'Robin Wright', '/8SWAGtDKEKWz3O5xV5Q31mZXUvL.jpg'], [6413, 'Danny Huston', '/iiVgafHitV0IbJYbaSNtHcWHF7P.jpg'], [11207, 'David Thewlis', '/sNuYyT8ocLlQr3TdAW9CoKVbCU8.jpg'], [5419, 'Saïd Taghmaoui', '/kuxI08YpwQFGweIXK7TELknwexr.jpg'], [1125, 'Ewen Bremner', '/gge4f8Smr6nTjh6XscnmeRTa297.jpg'], [1823591, 'Eugene Brave Rock', '/27RL3pfNTBTu2zeNvFQTLFvCrJv.jpg'], [11111, 'Lucy Davis', '/A1ymILbxQA5w5TduCNaU0xD9C5a.jpg'], [3623, 'Elena Anaya', '/hSkjzOfvRQ8DUJdhWveIKgRlyXb.jpg'], [1829985, 'Lilly Aspell', '/phfygRDYezltJge7s7UD4M6IMdI.jpg'], [1310711, 'Lisa Loven Kongsli', '/l74BdTNLA4O83YUczKHRge8VpU1.jpg'], [1767343, 'Ann Wolfe', '/5VVXr5NOSqC0uMxXoXFrIA9eKe8.jpg'], [1360156, 'Ann Ogbomo', '/5EGoq8xksh6w1MZJBDgEi7LofDC.jpg'], [1590758, 'Emily Carey', '/cH93v8Ig7yaVh3QZCVsrDCXjkr1.jpg'], [2467, 'James Cosmo', '/4QZnZ3wyGALVuwZ70HdXZk4O14W.jpg'], [659, 'Wolf Kahler', '/gQ0YrheFHs9ANmADCvr7ioyM9yR.jpg'], [1171527, 'Alexander Mercury', '/pz3zmiT79qnvGyPUsR6iZkBVf6W.jpg'], [1831379, 'Martin Bishop', '/9a0beQcrkxENGKWJ4z3th25JBjO.jpg'], [1256710, 'Flora Nicholson', '/dkJgDoeJuZVz3MeqfvpTOvwdG4P.jpg'], [1944177, 'Pat Abernethy', '/u48sYnLk4CaZW9N9N3HLU6HaEjn.jpg'], [1890511, 'Freddy Elletson', '/8lw4YgcBZeFKZ2SYLJ71TobDuSI.jpg'], [1890513, 'Sammy Hayman', '/g2y6domOIIdAht8wfmKmNtNE0WE.jpg'], [1861352, 'Michael Tantrum', '/vfSkp365hUfTTLF5Ye33zGjbNNf.jpg'], [157826, 'Philippe Spall', '/ztHUhB3f5AzLnknwf0styw4keeY.jpg'], [1824289, 'Edward Wolstenholme', '/9Acyyk5gIN8qGlQ4VuPZ6VCgw3A.jpg'], [3607774, 'Ian Hughes', None], [1820151, 'Marko Leht', '/4WmZVY3aAQ6aGkH0WiA4juuVL2m.jpg'], [143892, 'Steffan Rhodri', '/lxa7b7uKkBMfXpLkzQawtTcl24L.jpg'], [1052209, 'Andrew Byron', '/6p5LO85IeXqir68HvnFWDCc6Dwj.jpg'], [1040480, 'Dominic Kinnaird', '/kRsj6Wm9BzzjIQqlOhndtuwnPCZ.jpg'], [1232889, 'Rachel Pickup', '/paSFHcLTDBmR6n04bIpCyJA3rSA.jpg'], [1562095, 'Ulli Ackermann', '/nH3l4SM06Xel28UtVyiRfFIZYAr.jpg'], [1824290, 'Frank Allen Forbes', '/eBzMDu8kskfefTfl95NukYEVqMh.jpg'], [85828, 'Peter Stark', '/2Ozmp978XYnApxxFG6sXsXJtmVn.jpg'], [65054, 'Rainer Bock', '/wLn46JXsZDt0pVnheUEWJZ8IvHo.jpg'], [1944180, 'Josh Bromley', None], [1643761, 'Jennie Eggleton', '/rgLqGrIF6DH4rwKIXMjqT1kVB59.jpg'], [1831283, 'Eva Dabrowski', '/oqZlnfADX2TLptomZmUXKj8xBzp.jpg'], [1944182, 'Harvey James', None], [1944183, 'George Johnston', None], [121847, 'Danielle Lewis', '/wuuFRH8bEMtNmsUI0IDI80tKl9V.jpg'], [139900, 'Florence Kasumba', '/vivJLQhtwca5hupqoRRgL8BRs6o.jpg'], [62976, 'Eleanor Matsuura', '/8PTKH2LHXVxoxPm4kULlQ0OdwTg.jpg'], [174708, 'Josette Simon', '/uLvLGR6a60To8AAlj0C5124d7Xu.jpg'], [1009999, 'Doutzen Kroes', '/dAY10YAk55UeBzaxzMtru6Xkn59.jpg'], [1831280, 'Hayley Warnes', '/2dPqpifxaxXc6urLimtC6bdkh5s.jpg'], [1890450, 'Caitlin Burles', '/k508jIWbCk6HOliJklZJS3KqPRn.jpg'], [1824295, 'Jemma Moore', '/9p0GWc7hIgnjt0Ua5zvH1n7hLXU.jpg'], [1272968, 'Samantha Win', '/vizHwiI9JXCtNxIM3bx2F6Gr7iF.jpg'], [1831281, 'Brooke Ence', '/1xm90B63kg6q3dYVIiRjl56OPhH.jpg'], [1767342, 'Madeleine Vall', '/jACXQG2xHuFeIoxgGGhUbbrZNl1.jpg'], [1831282, 'Hari James', '/wYqYMPc4A9yn05jP9bDwpwma7yD.jpg'], [1813935, 'Jacqui-Lee Pryce', '/3lp7b4ncDVQYjAkgRmxI3DmBz9L.jpg'], [1890510, 'Betty Adewole', '/ncvgnSmpJ0IhtcuaKp2WtkZF9lh.jpg'], [1431128, 'Caroline Winberg', '/hrFMtUv5pQVqq1rsepMVvqDqj27.jpg'], [1944187, 'Lizzie Bowden', None], [1857866, 'Kattreya Scheurer-Smith', '/n1cwG4jJoeN5lxmNSFjC9cKIVWf.jpg'], [1690518, 'Rekha Luther', '/xadtWM2vvrhDHZ8gcdghPZsglsJ.jpg'], [1944190, 'Thaina Oliveira', None], [1890409, 'Ooooota Adepo', '/yfU7vSObNNw8hiTPib4AmoVEQYV.jpg'], [1813934, 'Zinnia Kumar', '/dHkO6v9Nh6LfsBaZTpK2nNZ7v82.jpg'], [1944191, 'Toma McDonagh', None], [1890493, 'Amber Doyle', '/NKO2Q0il3Hj5IFb2jK3LdTAWuU.jpg'], [1824301, 'Freddy Carter', '/u4Ibhf8LnRzfuR2IUx6ZQWdWaVv.jpg'], [1890458, 'Fred Fergus', '/31rOvizxOVC68pYPfXChHiEt7M.jpg'], [1944193, 'Tim Pritchett', '/fWqvv215XiohezmOlBYjEzTd89W.jpg'], [1457240, 'Gana Bayarsaikhan', '/sYUEOvA9jVVwHcnytD5O6w49va4.jpg'], [1726321, 'Camilla Roholm', '/feaxjgK6F8egTGwlmrZHvN9TftR.jpg'], [1944194, 'Stephanie Haymes-Roven', None], [1944195, 'Nia Burke', None], [1944196, 'Dee Lewis Clay', None], [1944197, 'Tori Letzler', '/chBe4fpzwKN1MjBiDkR1uCEznWB.jpg'], [1527565, 'Mayling Ng', '/jevQBPkbeaCsNs8KPrO9mxok983.jpg'], [15217, 'Zack Snyder', '/iD0GDqkvJXDXiNEZej198hjt3Tt.jpg']]","수천년 간 존재를 숨긴 채 지구를 수호하던 데미스키라의 공주 다이애나는 어느 날 하늘에서 이상한 움직임을 포착한다. 1차 세계대전에 참전해 스파이 활동을 벌이다가 격추된 미국인 조종사 스티브가 해변에 불시착한 것. 태어나 처음으로 남성을 보게 된 다이애나는 호기심을 감추지 못하고, 데미스키라의 일원들은 그가 파멸을 가져올 수도 있음을 경고한다. 다이애나는 엄마이자 여왕인 히폴리타의 반대에도 불구하고 나치군의 추격을 따돌리면서 그들의 생화학무기 공격을 비밀리에 막아야 하는 스티브를 따라나선다.",67.778,2017-05-30,7.2,18118
9769,로리타,False,/9INcC14WZjCMKGE360VXmklCLdZ.jpg,"[[16940, 'Jeremy Irons', '/w8Ct1q02Ht3sWdOSqfp3B85TzT.jpg'], [11149, 'Dominique Swain', '/hB2ltfdsvgeAGR55w1N3VCthQGB.jpg'], [29369, 'Melanie Griffith', '/9NQDvprGlRpmSvxJ1ZmYv6oOXW7.jpg'], [8924, 'Frank Langella', '/vO2NQUrG2qDtQVWK2IalrFKUYcj.jpg'], [11484, 'Suzanne Shepherd', '/7trwhBrNHhH2STDxMrDeqUqZf42.jpg'], [181299, 'Keith Reddin', '/uKbIyBnAYmWjbRUvnRUl46Rpmsy.jpg'], [1227066, 'Erin J. Dean', '/sEk465uU3kZXOek1BDTfnob09oY.jpg'], [1407052, 'Joan Glover', '/evZY18PBHKiogK17Gf35z8GycnZ.jpg'], [1407054, 'Pat Perkins', None], [102719, 'Ed Grady', '/7flHLGfdYHIMRAGPMfIqXo8dE8X.jpg'], [1537, 'Angela Paton', '/zt2VvSVntPwmmR3ZVxDYVvGEJ5L.jpg'], [157961, 'Michael Goodwin', '/7PQlrNdQBRUyql1l9aYG9W00o9m.jpg'], [68014, 'Ben Silverstone', '/m5qlKqJN98eswZ60XH2x5fPz76j.jpg'], [127527, 'Emma Griffiths Malin', '/4kQM09dsYnpPhU0FjC3axQdNU9g.jpg'], [32556, 'Ronald Pickup', '/9wJtlqBNPPa87UJDfLNnSNQRhEn.jpg']]","슬픈 첫사랑의 아픔을 간직한 47세의 불문학자 험버트(제레미 아이언스). 뜨거운 여름, 강의차 미국 뉴잉글랜드에 들른다. 샤롯트(멜라니 그리피스)라는 미모의 미망인의 집에 거처를 마련한 그는 그녀의 딸 로리타(도미니크 스웨인)를 본 순간, 아찔한 사랑에 빠진다. 결국 험버트는 로리타의 곁을 떠나지 않기 위해 샬롯의 프로포즈를 받아들이고 그녀와 결혼한다. 그러던 어느날, 로리타에 대한 마음을 기록한 그의 일기장을 샬롯이 발견하고, 그 충격에 거리로 뛰쳐나가 교통사고로 죽고 만다. 어머니의 죽음을 알게 된 로리타는 자신을 버리지 말라고 험버트에게 매달리는데...",62.564,1997-09-27,7.1,1408
263115,로건,False,/tE6tvHXlAZ8hqM4k9ZvtWtBk4pc.jpg,"[[6968, 'Hugh Jackman', '/5Dxx0j9jOAczsTQzZ0OkA5iJBhp.jpg'], [1464650, 'Dafne Keen', '/vohccdHmJHNZX9UIcRlmZ4Qwkj.jpg'], [2387, 'Patrick Stewart', '/3yExCGqCMfSOVVHdEYTJhXaTtFZ.jpg'], [65421, 'Elizabeth Rodriguez', '/9f851DP7NHAOKvvlZdXxYigDYbl.jpg'], [467645, 'Boyd Holbrook', '/zKYA9XfK5jtCpBgTr62jm4xVS79.jpg'], [39189, 'Stephen Merchant', '/6WM2rK6390Nwk398syJbGcPvRct.jpg'], [20766, 'Richard E. Grant', '/pIwiAEX7LiOgnV7KehM3OVmuG1f.jpg'], [1492293, 'Stephen Dunlevy', '/e0HDyS2xosZ7ByWFBfRoaw07tE5.jpg'], [23628, 'Eriq La Salle', '/5tV56htJbF33uc1rOmsOxXFO808.jpg'], [21215, 'Elise Neal', '/3to5jbcufE5mArk0ufKER6gptzH.jpg'], [1788166, 'Quincy Fouse', '/dhmAa34BkmKiPwvEthEYhOT4CSE.jpg'], [1372185, 'Al Coronel', '/AqpiJNwIOgqULzpoTYWjKTY4plV.jpg'], [174454, 'Frank Gallegos', '/vsvFqDvLPcvzqVxoEJqtEZYgTYc.jpg'], [1822971, 'Anthony Escobar', '/ozL9LFKeTpJhutxFSwjr45En1Az.jpg'], [52946, 'Reynaldo Gallegos', '/x1JFYhTI4Pu1Dtj45YRf5mIHBtK.jpg'], [83367, 'Krzysztof Soszynski', '/pMCRO57VuWvA2bLKOTeUOgSTH6e.jpg'], [9452, 'Daniel Bernhardt', '/b59qhg5VJOCypx9eMXrXHAjauLd.jpg'], [1821523, 'Ryan Sturz', '/nnNltXQh04PgGM6UxbBabeHtsde.jpg'], [1203114, 'Jef Groff', '/gxpIFkQI78Y4guHEy0MH9R79RWi.jpg'], [1821522, 'Brandon Melendy', '/qKxtWdnnVHNikJuLp9qJJqxZ1G1.jpg'], [1222666, 'Oren Hawxhurst', '/fzPRlw2IKsU00xIUYYFKRuyZ7X0.jpg'], [126841, 'Jeremy Fitzgerald', '/y5c1hHQ5RHnX9QOXvLRBdmYfKZi.jpg'], [35546, 'Chris Palermo', '/ni3d2IaSUk651Yq9HWfoa1Pezya.jpg'], [1309902, ""Paul Andrew O'Connor"", None], [1821521, 'Clinton Roberts', None], [1377042, 'Rocky Abou-Sakher', '/uMfM8wjNawyrHSfQ1gsNaUjj95.jpg'], [78890, 'Keith Jardine', '/emN5dXAoqW9Naab4g3yOwxSfkvh.jpg'], [52904, 'Jean Claude Leuyer', None], [1436354, 'Andrew Arrabito', '/8j6A1n7RlSKesgvfyT9kbfQOlaw.jpg'], [1838548, 'Sebastian James', '/amRV0kPFxVdf5uk9N66sIKC2eqb.jpg'], [1690496, 'Aaron Matthews', '/7IzvUCcpZXu14N78OipdLvj3vOd.jpg'], [1821515, 'Garrett Hammond', '/syhHnWebK7wgF7tGIkrgXmhiZ9A.jpg'], [1821513, 'Matt McClain', '/kq6LmVpDFFEkup3i6s9youjvahD.jpg'], [1609622, 'Maureen Brennan', '/fn6ykyckaIZ0msiHdnV1kZWnZfB.jpg'], [1769757, 'Jason Genao', '/4n3nEr6XefYeNub1fUkO6sMnaPW.jpg'], [1717113, 'Hannah Westerfield', '/lfzYLXkr6slNMjLt7XN53ArPb0X.jpg'], [1788168, 'Bryant Tardy', '/slWgavePanhEeEEfEuSunq7PWxx.jpg'], [1788169, 'Ashlyn Casalegno', '/hWKwhCoskfnUnM3ohMpGQEKmb8D.jpg'], [1472792, 'Alison Fernandez', '/3L5tZZzoo422CmLvSEA88PaBrNb.jpg'], [1821512, 'Parker Lovein', '/meoyRM6v5UPSQmJoAQcjuLyhDzW.jpg'], [1091423, 'Jimmy Gonzales', '/jEJ5TdOeqOJyopKMEc8w9qDtsuN.jpg'], [1367309, 'Dave Davis', '/9cPhpNYacn5Lc8bUIWX44Lj5K0z.jpg'], [42200, 'Lennie Loftin', '/oAIvMdMhJPIBGQAvxZZkXWCXRco.jpg'], [1301772, 'Mark Ashworth', '/nfhUTghFe0izP9NguZsDVqmVgEk.jpg'], [51551, 'James Handy', '/j2vG5tc8OcpcKG8eufBEMn2oiqZ.jpg'], [1415436, 'Bryce Romero', '/vgr5PYAPh6HGgO1u8jgvftgBILe.jpg'], [1542831, 'Phi Vu', '/2jUCUmgbzgYXgjsAaRrxKV1TIWw.jpg'], [1694082, 'Chester Rushing', '/34YpCnyxCgxlq5PYJqiro7losWy.jpg'], [1838558, 'David Simpson', '/11GdHNUq6YWSkfzzJ5l7rkmbHa3.jpg'], [1347284, 'Lauren Gros', '/nkR3xZpNdjBHq1ht9YIJeJfMGSw.jpg'], [2919161, 'John Raymond', None], [1579181, 'Vanessa Cloke', '/vaZcJGdksh4TltrmxWZgrL9z5Cb.jpg'], [1502244, 'Doris Morgado', '/g2qQLzvqK0kRjlMjAQ56eDKjoUO.jpg'], [1711522, 'Katie Anne Mitchell', '/2fy8Nt8y0P3ary1P8iCxpF8Uf4M.jpg'], [94428, 'Lara Grice', '/kDJ5sBQPoMqhSPpLXa0IaQ8Gc0e.jpg'], [177403, 'James Moses Black', '/o0rN6xcYaBD1OKwc5oaoPavqv1o.jpg'], [1691470, 'Ned Yousef', '/ivOCwpvfxiZJAjJgMDIKKaM61vD.jpg'], [1510788, 'Michael Lehr', '/ebbmuSgJXRivMFrpKvnHkQXWOxN.jpg'], [1821500, 'Baxter Humby', '/sPqCavm55gEGZxX5XQ0UkW1ifzx.jpg'], [1565060, 'Bryan Sloyer', '/f0phQJCNtAUFBQpklzlnEj9EP5S.jpg'], [1191027, 'Daniel Hernández', '/2ACcjcG6y3MGFLFPVtAPYQxEhir.jpg'], [1502870, 'John Bernecker', '/eF5AYQAZTtKTFaeyAnI7VwZW6ri.jpg'], [1365981, 'Evan Dane Taylor', '/vAa36T4nIgAsDT3KRfllm5DxbWy.jpg'], [1714701, 'Joe Nin Williams', None], [179882, 'Toby Holguin', '/4jjsgFJYudtaIaX7ITxiFoBEQlo.jpg'], [17041, 'Robert Wu', '/uWv3ai8mgQ72dq3oJlPk5GfLj2M.jpg'], [1310386, 'Panuvat Anthony Nanakornpanom', '/gygeFtJuxw5SUlfvI12CbfsCVph.jpg'], [1516873, 'Victor Winters-Junco', None], [1502867, 'Eyad Elbitar', '/o5vzbDxCAJY2wp7AIZGFRpc07sh.jpg'], [1334321, 'Craig Henningsen', '/mWittaEYFxIFCaskmYFE0m9bJr9.jpg'], [1116011, 'Han Soto', '/xurbZkff3yOPmKpEpKrb2pdemYf.jpg'], [1821499, 'Rissa Rose Kilar', '/fjXg5qNEEZZKcf8hjwla7urCQOF.jpg'], [1788170, 'Salef Celiz', '/3twVqmUYpqaEpAhB8KOjd8S4y9M.jpg'], [1435479, 'Aidan Kennedy', '/dPMBlHWPzlJiBRf76VXoGluHYbN.jpg'], [1821498, 'Nayah Murphy', '/oxM1PtQtJ91ZeyREGsm83hsUGcY.jpg'], [1821497, 'Chase Cubia', '/s1rcBBKzhuWCbXbOUSKSkiPElwm.jpg'], [1821496, 'Emma Teo', '/aJCnhBnUmOZSVr2VPLBltNHGuE1.jpg'], [1821495, 'Vincenzo Lucatorto', None], [1821494, 'Noell Jellison', '/x6FAFfWSJyBbsOMDNVeswTNYdE2.jpg'], [1821493, 'Haley Glass', '/fumUY4R3yz4SuE8bdIBNJfE5DIh.jpg'], [1821492, 'Ella Rowbotham', None], [1821491, 'Hudson Wright', None], [1821490, 'Sebeon Jackson', None], [1821489, 'Kelton DuMont', '/vcy3fLLcMfNkPIsDO5zoWpHOeo3.jpg'], [1471922, 'Damon Carney', '/4SQ1Zy48o3R9kk9vHQJZtpsVV6u.jpg'], [1821488, 'Cynthia Woods', None], [1821487, ""Mali O'Connor"", None], [159300, 'David Kallaway', '/d2tkVrgkFNGupqVgIqgy5jmz9iF.jpg'], [1244938, 'Robert Vargas', None], [1685460, 'David Paris', None], [1116699, 'Gonzalo Robles', '/ujtPkOgFVnsEGUrKWxD4q7NJEZC.jpg'], [1089920, 'Tim Connolly', '/h9QAyc5esNHzn2lWUvLozD1LAnx.jpg']]","2029년 알 수 없는 이유로 돌연변이들이 태어나지 않는 미래, 더이상 엑스맨은 없다. 갈수록 재생력이 약해져 늙고 수척해진 로건은 멕시코 국경지대 은신처에 찰스 교수를 보호 중이다. 뇌에 심각한 손상을 입은 찰스 교수는 과거를 제대로 기억하지 못하는 데다 간헐적으로 주변을 위협하는 발작까지 일으킨다. 찰스 교수와 함께 떠날 배를 사기 위해 리무진 기사로 일하며 돈을 모으는 로건. 어느 날 낯선 여인이 찾아와 돌연변이 소녀 로라를 캐나다 국경까지 데려다 달라고 부탁한다. 로건은 로라를 쫓는 기업의 경호집단을 피해 험난한 여정을 떠난다.",76.665,2017-02-28,7.8,17271
619297,스위트 걸,False,/uZUBlndAmbOiYoA071OwWIGD8xQ.jpg,"[[117642, 'Jason Momoa', '/3q2iVSCX8EVQkuY2n3OWgXBnnNT.jpg'], [1428070, 'Isabela Merced', '/zfLScjMHJWkGMzvDZmb1tpsBHuk.jpg'], [1168097, 'Manuel Garcia-Rulfo', '/54Rk1hKfNdNKGHQMnONDGmNtUv3.jpg'], [15851, 'Amy Brenneman', '/buQhbTkoNcAC12oNXo6RCIoVNQw.jpg'], [1371297, 'Adria Arjona', '/jUGWrJfUwhOQCUEnWR0CVNkNH08.jpg'], [2408008, 'Milena Rivero', '/cFXKSqpAZE5uJtsBxqhsrv795kc.jpg'], [21180, 'Justin Bartha', '/AalKjN8nR8RZ8g6ZdWV2smnQq4d.jpg'], [440943, 'Raza Jaffrey', '/kOgrGMKiX2DOQtRIJtfPfntJq39.jpg'], [1568053, 'Lex Scott Davis', '/4LJ875EAEcLWxNHxdoFKJdGlotO.jpg'], [53259, 'Michael Raymond-James', '/gIj1VOLIVpaZ607ml28fNS0lmmw.jpg'], [154784, 'Dominic Fumusa', '/cggOfZTrfQTRfmLJURaPQfk6jdS.jpg'], [88928, 'Nelson Franklin', '/2YYnTxpFmS5i9qRkb6H4Nxky2px.jpg'], [22075, 'Reggie Lee', '/lSQME9J4uNkTuN38F6yfDkrU3Oi.jpg'], [99166, 'Will Blagrove', '/iYmDCSLqiE3VKBOfH7xQQ7pYpEC.jpg'], [3207195, 'Helen E. McNutt', None], [2482718, 'Tom McNutt', None], [1990, 'Brian Howe', '/6JpzCLWbKG6Hp44r09ro0ZkJDSH.jpg'], [2799110, 'Kristy Nolen', None], [1958334, 'Marie Zoumanigui', None], [1521953, 'Erin Barnes', '/zbsy2UA4UAe4YvmkNJUOen30rKr.jpg'], [2252989, ""Katy O'Brian"", '/73ygY0oDNtkd0thdpCY6idspmzg.jpg'], [1396312, 'Dave MacDonald', '/xqLpO30JWCyKkCQfuIBxIVSslpp.jpg'], [2997668, 'James Anthony McBride', None], [2869448, 'Liron Blumenthal', None], [1641612, 'Cherie McClain', None], [1916845, 'Ricardo Miguel Young', None], [2094592, 'Matthew Hostetter', None], [1930893, 'Bobby Liga', None], [3207210, 'Tammy Brant', None], [1779514, 'Cale Schultz', '/fjbYJtD0Ci2k7ImRgcKpNBbiruM.jpg'], [1491348, 'Jake Allyn', '/kfS0frsBQT7CtMxRxI2zfvBwTWV.jpg'], [1053239, 'Dave Camarillo', None], [1543874, 'Joe Fishel', '/Aapim9EAy3vY8eeS4n4tnF4iHsY.jpg'], [2229907, 'Erika Shrout', None], [2818526, 'Gina Jun', '/kIbJ3TTGdYVShC7K8tE5OueZ1wQ.jpg']]","제약 회사의 탐욕에 평생의 사랑을 잃은 남자. 이제 딸에게는 어머니가 없고, 세상에는 정의가 없다. 그렇다면 정의를 직접 실현하는 수밖에. 가족을 위한 피할 수 없는 싸움이 시작된다.",64.645,2021-08-18,6.7,988
851303,En attendant Bojangles,False,/1w9WQexYgNUWzklEDHFZEyK2xNX.jpg,"[[118178, 'Virginie Efira', '/sJFBDkZ2AMAkQBsSZricrUnZv50.jpg'], [17497, 'Romain Duris', '/2pFMVxyKbVkULNWqXbqFb3TV7zK.jpg'], [223532, 'Grégory Gadebois', '/ptXO5ipcHn6Ry6JHSs536hlhT0r.jpg'], [1938600, 'Éliza Maillot', '/kV9fIpZav85okTv4WShCpLWOHcJ.jpg'], [3370475, 'Bénédicte Charton', None], [3370478, 'Morgane Lombard', None], [1457125, 'Fabienne Chaudat', '/xjCuOgNMyblQfVIQDGRqcaCVVAw.jpg'], [2287887, 'Franck Mercadal', '/9ZQpWCFSHWD8U4JnZ1E0Ty2AMt1.jpg'], [2023895, 'Lucas Bleger', '/voWF0kgf8NwYpFNq65YSypL0mAc.jpg'], [2022230, 'Francois Raffenaud', None], [1546991, 'Marc Susini', '/mPVLWY7Yq2r54WiNBrjBddx3khW.jpg'], [3370458, 'Pénélope Montazel', None], [581729, 'Christian Ameri', '/2IDikXWaovMwLIqUJSmWiPMNMDI.jpg'], [3537766, 'Virginie Vives', '/cJlZ1r1LkqODa5TBYBjQ4H1PCVw.jpg'], [2535186, 'Marie-Hélène Nicquevert', None], [3353513, 'Solan Machado-Graner', None], [3302971, 'Milo Machado-Graner', '/weX3DNUYwGDls5l7imLNdPGuuh3.jpg'], [3370471, 'Lancelot Vandaele Nedelec', None], [16352, 'Pierre Hancisse', '/cJeNz8xXHZrHVvYiZwESGG0Uylf.jpg'], [1884130, 'Christine Bonnard', '/g0tOkuz8tOPp8HDzCEDvPNLWSa3.jpg'], [1453328, 'Manesca De Ternay', '/3sV2hNhXCEYyLkw3o88nqiNmfia.jpg'], [3370451, 'Valentine Montazel', None], [3160537, 'Marie Fontannaz', '/2XKCifI1kKJPdrKJEvKehcXCC0D.jpg'], [4287, 'Aurélia Petit', '/gxg8AnIVsC9QdHiAmiBJQ23wH6Z.jpg'], [1457800, 'Johann Dionnet', '/wJHARDUZRpJNWjfGL6dMMEs6j44.jpg'], [78072, 'Jean-Pierre Durand', '/9ZDMS6FCwYl7KKOHVnnjIVcYiqi.jpg'], [3370463, 'Rodrigue Faucin', None], [1407310, 'Raoul Fernandez', '/pGXi2EWYU7gOm7ZYeziM1lZLQK.jpg'], [2431438, 'Juliette Blanche', '/p4UFVgCvZPhWTKksdVETBr3etgb.jpg'], [2522249, 'Mira Rogliano', '/8TO6cjxf7mGazAZqv4mY0WQ9HUH.jpg'], [3160539, 'Orianne Daudin', '/rRDpmfBlkQ8urHuFQsEMTopELMc.jpg'], [2802738, 'Rose Harlean', None]]",,69.159,2022-01-05,7.6,160
634429,신 울트라맨,False,/3Jd8Jfh3tCZ0rVVKXRiLWrRmlG5.jpg,"[[115700, 'Takumi Saitō', '/bI4F2yT9R3HW4o17V7Mne7EqIbB.jpg'], [87637, 'Masami Nagasawa', '/g5m4nwA95afODsscBkUEzX8Qq0Y.jpg'], [1223089, 'Daiki Arioka', '/w1bFneGzezVvbhqOsQDks1u9OWO.jpg'], [1271329, 'Akari Hayami', '/jhFgjjxVuH23CMQSg3ikL9EE47M.jpg'], [587661, 'Tetsushi Tanaka', '/9DHDP2thxiholidGe6WKr38suJz.jpg'], [13250, 'Hidetoshi Nishijima', '/3FBdbeMMWfyKmHS5j8IECwsZWcY.jpg'], [133944, 'Kōji Yamamoto', '/qckGN0uixbL91CiQ4lqHgoFnkl8.jpg'], [128481, 'Ryo Iwamatsu', '/8OGyddhm8oWsPLIgTT126hyRxOM.jpg'], [127224, 'Kyūsaku Shimada', '/fURRQjTQ4tjkl6JqfvPwgfhHWJ3.jpg'], [120804, 'Toru Masuoka', '/rvgRRIsXvWylqXHDWnffXay2iCK.jpg'], [127893, 'Keishi Nagatsuka', '/kKO5XdQhaZ3whyV75Jnar0hFGIc.jpg'], [590237, 'Hajime Yamazaki', '/fWYQsEFheZRT0C3tTUcM6x8Axt0.jpg'], [86976, 'Soko Wada', '/70523YCmM4VZqmlPeZEk0lcBIak.jpg'], [588403, 'Yutaka Takenouchi', '/zmnpwxj1K3W9tLoRUa5ziGNy94D.jpg'], [87662, 'Issey Takahashi', '/xGtRDeAIAlZh9wJffMjRHMc790P.jpg'], [20664, 'Koichi Yamadera', '/biov5jENp2XYfehkcdnRvi796Wi.jpg'], [135524, 'Kenjiro Tsuda', '/yFpSPNHqYN4rdRiVpVaYmqXMkmi.jpg']]","차례로 거대불명생물 '화위수(禍威獣)'[8] 가 나타나, 그 존재가 일상이 된 일본. 통상 병기는 전혀 통하지 않고, 한계를 맞은 일본 정부는, 화위수 대책 스페셜리스트들을 결집시켜, '화위수특설대책실' 통칭 '화특대(禍特対)'[9] 를 설립. 반장 타무라 키미오[10], 작전입안담당관 카미나가 신지[11], 비입자물리학자 타키 아키히사[12], 범용생물학자 후나베리 유미[13] 가 선발되어, 임무를 맡고 있었다. 화위수에 의한 위기가 임박한 와중, 대기권 밖에서 돌연 나타난 은빛의 거인. 화특대에, 거인 대책을 위해 분석관 아사미 히로코[14]가 새로 배속되어, 카미나가와 팀을 짜게 된다. 아사미가 쓴 보고서에 쓰인 것은...울트라맨(가칭), 정체불명.",66.902,2022-05-13,6.9,32
433422,페어리 테일 : 드래곤 크라이,False,/e4CjQcFOMLyLND6gjYUnPetrOdl.jpg,"[[1319218, 'Makoto Furukawa', '/ayE3vqqNYt4wBQIvoEVka4oFDw6.jpg'], [221772, 'Wataru Hatano', '/i1meHlOXLP2ubJZkmyGJONrxikQ.jpg'], [144650, 'Aya Hirano', '/zaSJKfuKhw7e4VTnTKnlHBRzjQU.jpg'], [202806, 'Yui Horie', '/73yQlMWaiOMrhvPCNyOCbbCkILZ.jpg'], [81244, 'Akira Ishida', '/jnW2Gn2NlR2uwOCeyOuzypnTmkH.jpg'], [83928, 'Rie Kugimiya', '/5uxG4tsx8vCfxI8yr1RoeDkrsDg.jpg'], [1249235, 'Tomoaki Maeno', '/w3lEuXSbEyzzNyO3YnxsF6wm2N5.jpg'], [220709, 'Mai Nakahara', '/yW9WAZkiBbbDnp8vFOfi8FXzc35.jpg'], [1221114, 'Yuichi Nakamura', '/wb8behVKjBHX9XXrEydvNINCYwH.jpg'], [1255653, 'Manami Numakura', '/qW8ff8ZoHZvp8PDCdY6P9cCAqGG.jpg'], [148447, 'Sayaka Ohara', '/4WQXLzj0gjYqkYFcTTxAkIwedvr.jpg'], [1120526, 'Jiro Saito', '/Al0jQgkkTP2oqrxK60usBzYTNXc.jpg'], [1222054, 'Chiaki Takahashi', '/A0iBTBEYncQ3K9QVQAps0stDjaS.jpg'], [1468251, 'Ryota Takeuchi', '/1PZIIKxOAgn6YexksH6weYnzzhh.jpg'], [90134, 'Tetsuya Kakihara', '/uogW9g7uqEdB1nbShhjp6NSXeue.jpg'], [1241611, 'Satomi Sato', '/o0Aueg2zc3E8ojbguo8Tbd1oAyB.jpg'], [122647, 'Kohsuke Toriumi', '/jsQFf7j86JF9ox2Qd3P7kvmjvmY.jpg'], [1120525, 'Takaya Kuroda', '/zzutcBPZXE575ZwsYnqj1myjc8k.jpg'], [1498127, 'Suzuko Mimori', '/zsUuNDI3rLh0ngDUUWcwfjQn9Od.jpg'], [1250465, 'Mariya Ise', '/tQWlgrlQ70biWdg7x9E75CtwsuD.jpg'], [89832, 'Hiroki Tōchi', '/frSr6LADd6j8jMmOyeo10PrgNq5.jpg'], [1324646, 'Ai Kakuma', '/bu03S2xA7cbKtcvaJWAuMKSZifh.jpg'], [1252670, 'Masaki Kawanabe', '/e4nc9V7kXtEbyyzSDHkX5RHrDd0.jpg'], [115302, 'Daisuke Kishio', '/uXBSUBXWO87Kp3Dp4ILr2dp0nlU.jpg'], [936275, 'Aoi Yuki', '/4kHNZSUIux52UU2BD3H6b5c5ymZ.jpg'], [216448, 'Hiroki Yasumoto', '/vNIGLl0wFmdhdnulMssQ1qyNeBs.jpg'], [1250764, 'Harumi Sakurai', '/ekqKChF19cjjrSB1LYpP6QDJoVR.jpg'], [1221868, 'Ryoko Ono', '/7kIVN9vw0sCe4Vfw1NNtY50wENa.jpg'], [186341, 'Miyuki Sawashiro', '/3l2HIkVifapvSPPGYZO4oI5snXk.jpg']]","피오레 왕국의 신전엔 용들의 분노와 슬픔이 봉인된 지팡이 ‘드래곤 크라이’가 잠들어 있다. 그러던 어느 날, 엄청난 힘을 지닌 전설의 지팡이는 왕국의 반역자 ‘재쉬’에게 빼앗겨 스텔라 왕국의 국왕 ‘아니무스’의 손에 넘어가게 된다. 세계 최강의 마도사 길드 ‘페어리 테일’은 ‘드래곤 크라이’의 회수를 의뢰 받고 스텔라 왕국에 잠입하게 되는데… 과연 ‘페어리 테일’은 ‘드래곤 크라이’를 제자리에 돌려놓고 세계를 구해낼 수 있을까? ‘페어리 테일’의 운명을 건 최후의 전투가 시작된다!",70.34,2017-05-06,6.5,363
933886,Dos Más Dos,False,/pcjTf0tBJoGwJQbdai4GmX8d1Om.jpg,"[[72130, 'Tessa Ía', '/8LTmiSySRBsiVwLy2iY9AacULeS.jpg'], [130368, 'Luis Ernesto Franco', '/wIGc57OVU1KSIzJr931rXYBzqCQ.jpg'], [1010190, 'Adriana Louvier', '/5f3KNlFRnQD8NwTYhRE9gTHNf1V.jpg'], [1041241, 'Claudio Lafarga', '/oVg7fkpwj67KsTbNXzizcFn5U04.jpg'], [946533, 'Arath de la Torre', '/qB6D0UxHUDZFpzUm9kWfKugblau.jpg'], [238141, 'Martha Claudia Moreno', '/6nHilL0TGRpYuD4EXYElute7H8G.jpg'], [2128328, 'Adriana Montes de Oca', '/3BUuut9xWUFPL1RGl8YeUI7Doul.jpg'], [1186821, 'Juan Carlos Remolina', '/i98MFVsum0M7JwcGAT4dBNlP9Ka.jpg'], [2156652, 'Flor Benítez', '/s1mvJfBCOqmkANj4pXZzxERGhTq.jpg'], [1875322, 'Daniel Haddad', '/4mugACaJipiii48nbynksEHi2H0.jpg'], [3367719, 'Artús Chávez', '/7V2r0JKkUGmaP6GmgeoWTwxgepM.jpg'], [3410042, 'Brenda De Arrigunaga', '/rt6fxzO3cAhmUhNcIjBndwPzzlJ.jpg'], [3410043, 'Patricio Zamora', None]]",,65.083,2022-03-31,6.7,39
652837,"조제, 호랑이 그리고 물고기들",False,/v60S8rPRCQRYSeCtmLiuRpQqIfC.jpg,"[[1255318, 'Taishi Nakagawa', '/mOAiut7G6XeR9qQlmZEmcACzeuA.jpg'], [1671407, 'Kaya Kiyohara', '/8xAWUQur0dyIOb7tdfIbDflbdHx.jpg'], [1772522, 'Yume Miyamoto', '/1bpMweFhnzx40CbVP8aU05H8iaJ.jpg'], [1254260, 'Kazuyuki Okitsu', '/vgyaK5dAxhvzAi6LJM3ZyaJd4mJ.jpg'], [1691384, 'Lynn', '/kFyuszD3uS5rX4GGf1U5OM5exur.jpg'], [2740138, 'Chiemi Matsutera', '/mmuaxgVFMqFw5uKgtgCqj1yFX70.jpg'], [2813402, 'Shintarou Moriyama', '/b0fOAjsCfXXmthombuNNTFJyJ7d.jpg'], [2813409, 'Lily', '/k5SYlCFlGSsR7qDKnd9xM1k8KFf.jpg']]","지체장애인인 조제는 그림 그리기를 좋아하며, 미처 경험해 보지 못한 세상에 대한 호기심과 두려움을 동시에 가지고 살아간다. 해양생물학을 전공하며 유학을 준비 중인 츠네오는 바다를 사랑하는 대학생으로 조제와 비슷한 또래이다. 조제를 온실 속 화초처럼 키워온 할머니는 츠네오를 아르바이트생으로 고용하여 조제를 일정 시간 돌보게 한다. 조제는 할머니의 눈을 피해, 혹은 할머니의 묵인하에, 츠네오와 함께 바깥나들이를 시작하고 조금씩 세상을 향해 마음을 열어간다.",71.101,2020-12-25,8.4,277
335984,블레이드 러너 2049,False,/jSIih1du6oqWEfO9dL6vZMxFGMh.jpg,"[[30614, 'Ryan Gosling', '/lyUyVARQKhGxaxy0FbPJCQRpiaW.jpg'], [224513, 'Ana de Armas', '/vkoSSVrGxFYvtr2uUdz99ENXF1v.jpg'], [3, 'Harrison Ford', '/5M7oN3sznp99hWYQ9sX0xheswWX.jpg'], [7499, 'Jared Leto', '/lZaE3x8yxofNZ96xpthxuVXQxTM.jpg'], [104632, 'Sylvia Hoeks', '/wKC9LgqgJRCXuzs1kUKaK7Uicv.jpg'], [543530, 'Dave Bautista', '/fz2ma30NHJvGytOskTdf2sHeFbd.jpg'], [32, 'Robin Wright', '/8SWAGtDKEKWz3O5xV5Q31mZXUvL.jpg'], [1110405, 'Mackenzie Davis', '/ekQbEIKh26jbz17P0wwLbo6uNs9.jpg'], [83854, 'David Dastmalchian', '/sF7yHISn8kuBy7T39gB5dMpObpk.jpg'], [765, 'Hiam Abbass', '/hkzC5aJKTiuCchBpybaHDVngYZW.jpg'], [1013973, 'Carla Juri', '/7Tu9PCmTyLD1wWP8PGCzZpuImre.jpg'], [1120, 'Lennie James', '/hfZrdEkBHxYYbMoGHAaVomlgMi.jpg'], [1261694, 'Barkhad Abdi', '/utfeg8GnGyW3aVNcRfhII9RCXB6.jpg'], [65829, 'Wood Harris', '/9gvwUEu1fZTSTkykaCx2fSdSDWK.jpg'], [587, 'Edward James Olmos', '/mXnilUrQBIMLHSQkPjQk99mX70x.jpg'], [18818, 'Tómas Lemarquis', '/ioANYaLznj91AcsSOfd25DwxVqo.jpg'], [544096, 'Sallie Harmsen', '/acbAK0XXjEnwfxXl1jiHakhR80H.jpg'], [586, 'Sean Young', '/oV7tnjW34aoGBBTtOuK795t312H.jpg'], [1901526, 'Loren Peta', '/XuWNeNu7g3stBzPX6n2PjNBOr1.jpg'], [119893, 'Mark Arnold', '/dTfoxBUC6jpZry0ijlS8g4Y5cuS.jpg'], [72482, 'Krista Kosonen', '/7iW2mxbxBgV5sX2y0fSY78lewW4.jpg'], [89387, 'Elarica Johnson', '/r4ggcEyLfGCmBCRm0DGSdNBdfFD.jpg'], [1380395, 'David Benson', '/5xA8oSRBfzBN9QAOC0MAI8Jqb0.jpg'], [1813834, 'Kingston Taylor', '/pwivZzhZf1JCV49YBlkRycUGGTB.jpg'], [1898019, 'Ben Thompson', None], [1813833, 'Ellie Wright', '/xF7ww2FNyQGOOKQ1kdH4COkQEZ5.jpg'], [1148965, 'Suzie Kennedy', '/qEm5LOUIvVYp5iTGALj76pxkcyr.jpg'], [1898020, 'Stephen Triffitt', '/eoiyH3cJ7wpa5ED9Dbpehl8poXg.jpg'], [2146286, 'Vilma Szécsi', '/6bQYnho9aP3WEdQQa4PaO0jxbKr.jpg'], [2146289, 'Kincsö Sánta', None], [2146291, 'André Lukács Molnár', None], [143576, 'István Göz', None], [2146293, 'Pál Nyári', None], [2146295, 'Joshua Tersoo Allagh', None], [2146296, 'Zoltán Béres', None], [2146298, 'Konstantin Pál', None], [2146299, 'Ferenc Györgyi', None], [1740747, 'Samuel Brown', None], [1706693, 'Mary Lukasiewicz', None]]","인간과 리플리컨트가 혼재된 2049년. 인간의 통제를 벗어난 리플리컨트를 쫓는 블레이드 러너 K는 임무 수행 도중 약 30년 전 여자 리플리컨트의 유골을 발견하고 충격적으로 출산의 흔적까지 찾아낸다. 리플리컨트가 출산까지 가능하다는 사실이 알려지면사회에 큰 혼란이 야기되므로 이를 덮으려는 경찰 조직과, 그 비밀의 단서를 찾아내 더욱 완벽한 리플리컨트를 거느리고 세상을 장악하기 위해 K를 쫓는 니안더 월레스. 리플리컨트의 숨겨진 진실에 접근할수록 점차 정체성의 혼란을 겪게 되는 K는 과거 블레이드 러너였던 릭 데커드를 만나 전혀 상상치 못한 진실을 마주하게 되는데...",68.511,2017-10-04,7.5,11251
736545,연애 빠진 로맨스,False,/ydjxrQ040Br6MTIM7vULoNq0pWv.jpg,"[[1937533, 'Jeon Jong-seo', '/13mReqKdJFy3NjbqAFzVBLiyF9d.jpg'], [2035488, 'Son Suk-ku', '/natZWFVBAWLKWCYebgVGywHtsME.jpg'], [2288847, 'Gong Min-jeung', '/fUFEqqnxDXcmppIbOYtxfP8VqVL.jpg'], [1169313, 'Kim Seul-ki', '/u86TkLLd1PLxAvCgSQvr89tWDWP.jpg'], [1988490, 'Bae Yoo-ram', '/3FGkoOzQLnyzFKAgp7IS2lXzy65.jpg'], [1123145, 'Kim Jae-hwa', '/1QhBbUivT9RwA7ZzTCexQnVkDRI.jpg'], [2240033, 'Im Sung-jae', '/ggrfTvymOhQNxTqR63KXajQ1GIT.jpg'], [2284720, 'Lim Sun-woo', '/oOc3IhkiGD01utJvt31fpWveDo4.jpg'], [141153, 'Kim Young-ok', '/vBk5QGcAFl8rlbkOoV898pa5GAi.jpg'], [224673, 'Kim Kwang-kyu', '/5X3oJA1NaesYHeX3LfuC7t3j7VV.jpg'], [1615316, 'Lee Hak-joo', '/9PuGmzY1nm8uYYiOanEKJHEcdbZ.jpg'], [1419852, 'Park Jong-hwan', '/uENBbZbwMH7ftvSy704n2owWV9g.jpg'], [2658775, 'Jang Eui-soo', '/qRSx9ZLTvrdXGjR1LerX0GYJqxE.jpg']]","일도 연애도 마음대로 되지 않는 스물아홉 자영, 전 남친과의 격한 이별 후 호기롭게 연애 은퇴를 선언했지만 참을 수 없는 외로움에 못 이겨 최후의 보루인 데이팅 어플로 상대를 검색한다. 일도 연애도 호구 잡히기 일쑤인 서른셋 우리, 뒤통수 제대로 맞은 연애의 아픔도 잠시  편집장으로부터 19금 칼럼을 떠맡게 되고 데이팅 어플에 반강제로 가입하게 된다. 1도 기대하지 않았지만, 1일 차부터 둘은 서로에게 급속도로 빠져들게 되고 연애인 듯 아닌 듯 미묘한 관계 속에 누구 하나 속마음을 쉽게 터놓지 못하는데...",73.539,2021-11-24,6.9,15
136797,니드 포 스피드,False,/8I7FXTDI3tihYmiXFmr5ET3UaaC.jpg,"[[84497, 'Aaron Paul', '/lowE44ffgu4UmnOT3wOTKYhtUzp.jpg'], [55470, 'Dominic Cooper', '/bz2nzQ1lDiu62R0e4GOncuq1hIk.jpg'], [17606, 'Imogen Poots', '/kJOUQP0I5HzyenTLWUTCdx6mIAk.jpg'], [72985, 'Ramón Rodríguez', '/1gobmVevxCWVhV7s6J2B0oWPDZj.jpg'], [2232, 'Michael Keaton', '/baeHNv3qrVsnApuKbZXiJOhqMnw.jpg'], [17838, 'Rami Malek', '/2OuFzCbMibXGouG79tG1U4BLPbe.jpg'], [484359, 'Kid Cudi', '/z5TRmx4WQB9Ge1WQa6VdxBKnwmC.jpg'], [118545, 'Dakota Johnson', '/qRPULEOXibPEmSljRRvnYHxXGBq.jpg'], [127281, 'Harrison Gilbertson', '/8eJ4CboNqePwP0toqbUIip12akO.jpg'], [155077, 'Stevie Ray Dallimore', None], [1519904, 'Alan Pflueger', None], [4327, 'Brian L. Keaulana', '/xRoaLgxMzyXN4cvR4UZF6mkfc8E.jpg'], [984363, 'Logan Holladay', None], [1292730, 'Carmela Zumbado', '/fGH4gA2wssENiYfKbXLrTgaVXMD.jpg'], [75636, 'Jalil Jay Lynch', '/lpU7fTd5MTv4nXcmmr1WdPcKnVN.jpg'], [18461, 'Nick Chinlund', '/lRmgWDIXqBTneGbKlJNSFyiis1e.jpg'], [1391129, 'Chad Randall', '/fQwtV3TbWW8dGwflMWngwq4TUMZ.jpg'], [8432, 'Buddy Joe Hooker', '/7c7Q76j9VUhZR7ktMWGeft6lKnZ.jpg'], [1463686, 'Rich Rutherford', None], [1714886, 'Tony Brakohiapa', None], [2770639, 'Brent Fletcher', None], [1714915, 'Paul Dallenbach', None], [179851, 'Kanin Howell', '/wdRn90FomDwVTsi7nl6S2ukYI7y.jpg'], [53330, 'Michael Rose', '/zLdIbz6BmYmLgzk983ZK7ZjOHZ5.jpg'], [1292732, 'Beth Waugh', None], [41020, 'E. Roger Mitchell', '/qdcwrdA1IYvuRe0A2abSvzVLZVS.jpg'], [20562, 'Antoni Corone', '/gqFMxnKV1t69l2YZJgdvDU0kngI.jpg'], [565504, 'Frank Brennan', '/jf3zvnNfGP4ttKknJ84xiJK0LGY.jpg'], [1416332, 'Tara Jones', '/xiQINJmWyPMrFO6YtG4JH2Dulyo.jpg'], [1116011, 'Han Soto', '/xurbZkff3yOPmKpEpKrb2pdemYf.jpg'], [196843, 'Jill Jane Clements', '/kGwqAzVvx3dyq7iW2wDSUZqnEnF.jpg'], [1714916, 'Rick Shuster', '/yYZ474aDiX1Q4E0s2gQrt3kbFe6.jpg'], [53176, 'John Gatins', '/pFtxpu4aGb6H2RgVKwHNrT10CPn.jpg'], [1714917, 'Kerry Gatins', None], [1032522, 'Adora Dei', '/oBiMr01q1Y09Z12LZHoB97Mpwf3.jpg'], [1615196, 'Charles Black', None], [63426, 'Tierre Turner', '/ypGghkVrWWDCmzFZPbc7vjzfJgH.jpg'], [1460680, 'Michael C. Smith', None], [4609, 'Tim Gilbert', '/ynyR29qNlAtaZcUGRPyiuXfTQaz.jpg'], [1530091, 'Mike Massa', None], [194654, 'John Meier', '/kP7rVXlfnKQF9YHEoTJonYiHsBm.jpg'], [43010, 'Thomas Rosales Jr.', '/tlJzLctGc6UmB7JQrkFcdMEuRx3.jpg'], [1714921, 'Jacki Hill', None], [1714922, 'Chloe Warren', None], [1714923, 'Chelsea Small', None], [2572369, 'Kareem Tristan Alleyne', None], [1657837, 'AnnaCorey', '/x8zWljWpsjlvTXkj8Fo7V4Cs7mt.jpg'], [1292731, 'Libby Blake', '/jEMQvk5wciTJZvZIcX0NjKz5ZpW.jpg'], [2321032, 'Lil Cory', None], [1262082, 'Sir Maejor', None], [1502274, 'John Lobato', '/kDGn0nVngWGwp4A3x1wFYZDx32Y.jpg'], [3533094, 'Mobinkhojastehboroumand', None]]","라이벌 ‘디노’(도미닉 쿠퍼)와의 레이스에서 사고로 친구를 잃고 누명을 쓴 채 감옥에 수감된 ‘토비’(아론 폴). 그는 가석방과 함께 복수를 계획한다. 바로 슈퍼카를 걸고 벌이는 스트리트 레이스 ‘데 리온’에서 ‘디노’를 꺾고 우승을 차지하는 것이다. 하지만 뉴욕에서 대회가 열리는 샌프란시스코까지의 거리는 4,000km, 남은 시간은 단 이틀뿐이다. 게다가 ‘디노’는 ‘토비’를 잡는 자에게 현상금을 내걸고 경찰들까지 ‘토비’의 뒤를 쫓기 시작하는데!",66.733,2014-03-12,6.4,3749
176,쏘우,False,/vRVtn1HLMGMHbUsAJkFLC6oT6pQ.jpg,"[[2130, 'Cary Elwes', '/9UszBdQJ9PmyBydIeIBxlStozhW.jpg'], [2128, 'Leigh Whannell', '/wvoTbsROOHfCqJ3Voe9zpal429L.jpg'], [2047, 'Danny Glover', '/whWpsKpF96i5nrQK98zBHGmuBR2.jpg'], [2140, 'Monica Potter', '/jCFOlFAjNPMkX9pJF2Au0cquZ6v.jpg'], [2131, 'Ken Leung', '/hpatUP6u74gkpDRmn9voNY9V43O.jpg'], [2139, 'Makenzie Vega', '/h5yGkSvNjYDspoF4otFKp7I2ajL.jpg'], [2136, 'Michael Emerson', '/xOpr90SF1RCtjFNTu32nZQ90buY.jpg'], [2138, 'Shawnee Smith', '/s2Ouz4b7xqDH72aU48TSW5zS40v.jpg'], [2133, 'Dina Meyer', '/bKte4cIXI1aQat8JLVNONZE4Y2.jpg'], [2142, 'Alexandra Bokyun Chun', '/kON8NRp52VaVB8hA1sufMpRbgVl.jpg'], [2144, 'Tobin Bell', '/wyyfG5Pml4G1Y3Aw873LIe32wsl.jpg'], [2134, 'Mike Butters', '/fwrOsNREtHO6kYuYdCRsZf2GFG7.jpg'], [2135, 'Paul Gutrecht', None], [2137, 'Benito Martinez', '/3lPxnrPCs31lnliBNEssgxw7Qxg.jpg'], [2141, 'Ned Bellamy', '/9qj6thu0g6iUc2hvfoEYlO4GSbY.jpg'], [2143, 'Avner Garbi', None], [1630461, 'Hans Raith', None], [2147, 'Oren Koules', None]]","어느 지하실. 자신들의 발목에 쇠줄이 묶인 채 마주하게 된 ‘아담’(리 와넬)과 닥터 ‘고든’(캐리 엘위스). 중앙에는 자신의 머리를 총으로 쏘고 자살한 듯한 사내가 피투성이가 되어 누워 있을 뿐, 이 둘은 자신들이 왜 잡혀왔는지, 서로가 누군지조차 모르고 있다. 주머니 속에 들어있는 테이프. 테이프에 들어있는 누군가의 메시지. 어떻게든 빠져나가려고 갖은 애를 써보지만 소용이 없다. 이제 둘은 자신들의 하루 전 기억을 더듬어 보는데. ‘고든’은 이 일이 최근 계속되고 있는 연쇄살인과 관계가 있음을 깨닫게 된다. 끔찍한 연쇄살인의 현장에 자신의 펜이 떨어져 있었고, 그 증거물을 근거로 ‘탭’형사(대니 글로버)가 자신을 찾아왔던 것. 한편, 연쇄살인을 추적하던 ‘탭’형사는 닥터 ‘고든’을 범인으로 지목하고 그 뒤를 쫓는데…",67.179,2004-10-01,7.4,7720
